id,club_id,user_id
1,93,ybetham0
2,81,ceglise1
3,67,ffantonetti2
4,55,hsherrum3
5,18,scodi4
6,72,nkilner5
7,92,aajean6
8,56,aspires7
9,54,gleagas8
10,26,thumburton9
11,52,dphilippeauxa
12,15,dmorchb
13,67,tdownesc
14,92,gmacarted
15,63,thildrewe
16,50,rkuhwaldf
17,76,hsidsaffg
18,86,rmuzzlewhiteh
19,11,hknapperi
20,6,hbruckj
21,53,ewiltonk
22,59,emacksteadl
23,80,cgladdingm
24,17,ibriknern
25,41,tmadeno
26,71,sdicarlop
27,71,skmentq
28,45,esewallr
29,98,qlemaitres
30,72,ddownert
31,3,rbernhardiu
32,6,mdonettv
33,67,aromanelliw
34,71,lhargrevesx
35,73,tbaddoey
36,96,vfuentesz
37,84,mbeacroft10
38,45,lmechem11
39,91,rjoynt12
40,2,bandretti13
41,1,mwhall14
42,73,hmungin15
43,47,phentzer16
44,26,ahaste17
45,71,iblyth18
46,5,relcoux19
47,69,bwindridge1a
48,11,lporch1b
49,90,jklaaasen1c
50,59,bdunstall1d
51,100,wlezemore1e
52,35,oguys1f
53,21,jbothen1g
54,17,jshearer1h
55,85,sflippini1i
56,62,elynam1j
57,46,dsatterly1k
58,73,mlympenie1l
59,18,bambrose1m
60,82,adudman1n
61,91,pprowse1o
62,14,kbramer1p
63,79,crittelmeyer1q
64,35,kmelley1r
65,77,jabotson1s
66,73,pteodoro1t
67,20,dbatte1u
68,50,cstalman1v
69,83,jdcosta1w
70,56,wheenan1x
71,60,gkealey1y
72,99,tgerardet1z
73,70,jwearne20
74,10,jtocknell21
75,91,wdownage22
76,24,kwatsonbrown23
77,95,ttockell24
78,89,keaden25
79,3,jabsolem26
80,98,cbaysting27
81,38,tshackle28
82,2,rbrumham29
83,67,fradmer2a
84,62,jmaccoveney2b
85,33,kbrahams2c
86,11,rbattram2d
87,35,mmacpaike2e
88,71,cmulmuray2f
89,38,dbartolomeotti2g
90,43,wburgill2h
91,47,ddanit2i
92,22,sbibey2j
93,20,vdonizeau2k
94,82,afitt2l
95,24,acaldwell2m
96,11,hblaisdale2n
97,77,hzanneli2o
98,21,rmacleese2p
99,1,rebbin2q
100,85,wtackle2r
101,96,gheistermann2s
102,96,jcopyn2t
103,59,jtrunby2u
104,22,tmallalieu2v
105,80,chains2w
106,87,lgustus2x
107,3,amaseres2y
108,34,lcrawford2z
109,94,ljumeau30
110,61,gstoute31
111,10,hkubis32
112,89,ebener33
113,20,nblinerman34
114,28,gshadbolt35
115,52,hguidelli36
116,34,loldnall37
117,49,qyokley38
118,86,jpetschelt39
119,40,bquinlan3a
120,29,dfinker3b
121,55,dferronel3c
122,46,tmcneigh3d
123,66,hsolley3e
124,68,bstoffers3f
125,42,nlingwood3g
126,76,eloudon3h
127,91,apashler3i
128,49,abulter3j
129,33,hrowlin3k
130,83,pglasard3l
131,70,gphilippsohn3m
132,88,ascotchmoor3n
133,95,hstapforth3o
134,73,bkinny3p
135,31,awaddell3q
136,49,dbullon3r
137,81,dblazhevich3s
138,20,mcharle3t
139,40,dsarfati3u
140,84,qfermor3v
141,68,cbarles3w
142,26,rpawlick3x
143,36,galton3y
144,10,ccull3z
145,67,sramirez40
146,36,mtoyne41
147,16,atottman42
148,69,aadolphine43
149,90,ldenisard44
150,12,mvasey45
151,79,bmcaughtrie46
152,12,fbromilow47
153,94,bmoncreiffe48
154,92,rabramovitz49
155,12,lklemmt4a
156,78,dfarrens4b
157,38,lcracoe4c
158,99,msewter4d
159,54,mhapgood4e
160,77,aricardot4f
161,13,bmatteacci4g
162,17,kcownden4h
163,76,vfaust4i
164,38,gfenemore4j
165,31,epoutress4k
166,67,reilhersen4l
167,99,pgouge4m
168,5,mstronough4n
169,94,rtungate4o
170,59,dcaller4p
171,82,tmccreagh4q
172,97,gbroz4r
173,3,amaffezzoli4s
174,65,lgenty4t
175,9,smarshallsay4u
176,88,nwilliscroft4v
177,29,asmeed4w
178,5,elydford4x
179,94,djacqueminot4y
180,77,mmosdell4z
181,44,arobet50
182,65,ccantera51
183,84,agiacoppoli52
184,55,dlaundon53
185,21,mjiggle54
186,93,rhowles55
187,24,lganiford56
188,94,bgozzard57
189,50,qnathon58
190,57,upiscopiello59
191,85,joheagertie5a
192,19,lcrunkhurn5b
193,62,bpiner5c
194,97,sraigatt5d
195,78,cmangam5e
196,33,loculligan5f
197,77,gcalderhead5g
198,62,pgovenlock5h
199,44,mgadman5i
200,20,fmclleese5j
201,1,jrainger5k
202,51,ranand5l
203,18,bhawke5m
204,8,eyankeev5n
205,97,vmangin5o
206,75,dlinggood5p
207,98,cethridge5q
208,17,kjovicic5r
209,9,okeer5s
210,11,plewendon5t
211,56,csaice5u
212,39,crex5v
213,53,ebondy5w
214,19,ipeniman5x
215,18,nphilippault5y
216,29,rhouten5z
217,93,lgoodison60
218,85,lbirtwhistle61
219,98,sizakov62
220,80,mguild63
221,35,gtolumello64
222,14,blally65
223,30,ldrennan66
224,59,fbodman67
225,53,bthornborrow68
226,13,rgreenard69
227,44,nshields6a
228,46,jeveritt6b
229,77,rgommey6c
230,56,edory6d
231,62,rpritchitt6e
232,6,gvanderplas6f
233,7,tfragino6g
234,83,glorking6h
235,46,dmclice6i
236,78,aledley6j
237,99,tbickerstaffe6k
238,80,jgleasane6l
239,96,ugrafom6m
240,33,ddanilovic6n
241,50,fharmour6o
242,8,hpinches6p
243,41,ggoldsbrough6q
244,17,hamps6r
245,41,cpfaff6s
246,27,ssweetlove6t
247,94,ppirri6u
248,17,tlainton6v
249,10,drideout6w
250,14,ehellsdon6x
251,16,mtarling6y
252,12,ccansdill6z
253,37,kchopping70
254,72,atowell71
255,39,epenhalurick72
256,24,cedling73
257,89,jskaife74
258,2,jlatorre75
259,52,bsebrook76
260,77,ocopes77
261,22,sroderigo78
262,69,bmacdermot79
263,24,kscotchmoor7a
264,58,cglisane7b
265,94,jheineking7c
266,80,aglasgow7d
267,54,bpetkens7e
268,46,hwoolland7f
269,42,hscrane7g
270,25,fdanielsohn7h
271,92,kfurmage7i
272,1,cmacfaell7j
273,57,jwatkins7k
274,6,kglayzer7l
275,16,nvedenichev7m
276,49,lcurzon7n
277,27,vdalziel7o
278,41,dcowling7p
279,51,ewesker7q
280,81,hschanke7r
281,80,mbound7s
282,5,bdearing7t
283,94,bshutte7u
284,61,agush7v
285,97,gguerri7w
286,78,vanger7x
287,49,glindstedt7y
288,57,dvasiliev7z
289,80,hdronsfield80
290,61,vkorpolak81
291,15,panthonsen82
292,98,fdiaper83
293,6,mfraniak84
294,43,zpantone85
295,49,tciccotto86
296,90,pdavidovicz87
297,35,mudden88
298,52,blasselle89
299,69,sorsay8a
300,92,ctitford8b
301,91,npeevor8c
302,42,rhemphill8d
303,80,dpreator8e
304,22,omalarkey8f
305,86,eheliet8g
306,10,rgammack8h
307,66,fipsley8i
308,90,phuddle8j
309,93,mmctrustrie8k
310,13,mburles8l
311,26,relton8m
312,64,rhamley8n
313,68,dbossingham8o
314,81,tkermon8p
315,83,erizzone8q
316,57,hstreeter8r
317,99,abatie8s
318,91,tvivash8t
319,68,nyoungs8u
320,57,odrinan8v
321,66,ltreske8w
322,16,sberan8x
323,1,sbamling8y
324,49,mspering8z
325,40,amerrill90
326,89,btallis91
327,3,lmeeks92
328,24,croddie93
329,85,femmott94
330,58,gvolett95
331,86,ctidman96
332,4,bkares97
333,20,kzanolli98
334,70,spaulet99
335,21,tlabrow9a
336,2,mhryncewicz9b
337,99,hseyers9c
338,65,iogger9d
339,10,cbadgers9e
340,46,dboyton9f
341,3,vhares9g
342,78,ghaugeh9h
343,38,mallward9i
344,45,amacvean9j
345,91,bandric9k
346,57,tdummigan9l
347,5,pmeeus9m
348,50,gwhilder9n
349,82,nmilner9o
350,63,hrangell9p
351,83,dwanley9q
352,48,cpawlick9r
353,65,handrichak9s
354,47,lmaypole9t
355,24,sfawthorpe9u
356,89,ddreghorn9v
357,91,nsommerton9w
358,44,mcamillo9x
359,36,cjosskovitz9y
360,8,jwhitmore9z
361,48,fodoghertya0
362,83,lbeedona1
363,70,pmansona2
364,42,ckarlqvista3
365,15,ecelliera4
366,25,jbalcona5
367,45,cyoratha6
368,98,nkiggela7
369,85,cbartuseka8
370,84,mlacea9
371,18,alinesaa
372,62,mhumblesab
373,56,sdummiganac
374,42,mlavallad
375,87,bpervewae
376,66,lteaseaf
377,86,cschusterlag
378,71,jkinglesydah
379,39,bdabbotdoyleai
380,3,lragdaleaj
381,58,ydewolfeak
382,79,agoronial
383,44,ebummfreyam
384,84,reppan
385,37,bbetserao
386,15,nwalasap
387,43,ybidderaq
388,7,lgiovannazziar
389,17,jmountfordas
390,65,kteliginat
391,90,pinnsau
392,16,hsigginav
393,87,salenichevaw
394,15,mputsonax
395,89,imacfadinay
396,88,afraynaz
397,71,bsewardb0
398,51,fblabberb1
399,89,pphilippsohnb2
400,15,sdupeyb3
401,9,ounthankb4
402,41,jeustaceb5
403,12,dtigheb6
404,77,hbellinb7
405,99,vlintonb8
406,75,jdelortb9
407,56,jeisoldba
408,98,egiacomazzobb
409,35,omarzellibc
410,26,mburdusbd
411,71,kbramsombe
412,69,ntaylobf
413,98,smuffenbg
414,93,lforesightbh
415,56,zmyfordbi
416,30,rbremmellbj
417,44,tgrealishbk
418,44,mmogridgebl
419,41,tfinbybm
420,77,mkattenhornbn
421,81,mroylbo
422,26,kcrakebp
423,35,cclaigebq
424,56,askitchbr
425,61,gsabertonbs
426,79,pregobt
427,51,bleanbu
428,21,mblakeneybv
429,23,lbirkbybw
430,51,mloadesbx
431,43,srobilliardby
432,43,amustoebz
433,98,ifilippyevc0
434,40,dknaggsc1
435,89,afarnorthc2
436,5,lmenicombc3
437,35,egogertyc4
438,52,sbraizierc5
439,49,tgladbachc6
440,93,cmerridayc7
441,31,gfardonc8
442,33,sandoverc9
443,30,fdownesca
444,40,bbrimblecombecb
445,28,cseldnercc
446,25,bgrimescd
447,60,divanisovce
448,3,gliascf
449,31,blusgdincg
450,68,crobelowch
451,63,emeadmoreci
452,59,ffeigecj
453,42,jbrockettck
454,97,xkopcl
455,38,anowillcm
456,67,khardistrycn
457,8,igooddingco
458,79,nwesthoffcp
459,44,charrinsoncq
460,6,mgeeritzcr
461,13,douldcottcs
462,47,ereinhardct
463,38,fpiesoldcu
464,87,kminneycv
465,97,mmizzencw
466,51,eeamcx
467,48,gbrandenburgcy
468,6,kbertolincz
469,16,ibuckleed0
470,93,jbahlmannd1
471,25,novesend2
472,1,bdarcod3
473,3,tkeyhod4
474,56,gdyettd5
475,75,msurmeird6
476,44,ecraced7
477,46,hranscombd8
478,23,kchelleyd9
479,80,jsheddanda
480,100,jfaithfulldb
481,90,nvowlesdc
482,92,mmacfadindd
483,93,tmarietde
484,13,gguernerdf
485,5,kdukedg
486,86,tgillmandh
487,24,adibledi
488,72,sumbersdj
489,41,ssummerscalesdk
490,88,mfouracresdl
491,8,acarssdm
492,43,varnoppdn
493,10,aotteedo
494,95,pnewarddp
495,19,fkibbydq
496,21,wkeymedr
497,71,cpudnerds
498,36,mcaldairoudt
499,94,hlinesdu
500,9,kmcneelydv
